{
  "recipients": 52648.0,
  "opens": 14979.0,
  "open_rate": 0.2267,
  "clicks": 140.0,
  "click_rate": 0.00207,
  "bounce_rate": 0.00731
}