{
  "recipients": 59982.0,
  "opens": 14949.0,
  "open_rate": 0.19692,
  "clicks": 142.0,
  "click_rate": 0.0017,
  "bounce_rate": 0.00218
}