{
  "recipients": 60554.0,
  "opens": 15983.0,
  "open_rate": 0.20631,
  "clicks": 232.0,
  "click_rate": 0.00287,
  "bounce_rate": 0.00294
}