{
  "recipients": 35890.0,
  "opens": 10359.0,
  "open_rate": 0.22814,
  "clicks": 174.0,
  "click_rate": 0.00395,
  "bounce_rate": 0.00451
}