{
  "recipients": 56884.0,
  "opens": 15646.0,
  "open_rate": 0.21612,
  "clicks": 313.0,
  "click_rate": 0.00465,
  "bounce_rate": 0.00517
}