{
  "recipients": 49242.0,
  "opens": 15956.0,
  "open_rate": 0.25588,
  "clicks": 245.0,
  "click_rate": 0.00352,
  "bounce_rate": 0.00246
}