{
  "recipients": 49505.0,
  "opens": 16001.0,
  "open_rate": 0.25503,
  "clicks": 173.0,
  "click_rate": 0.00288,
  "bounce_rate": 0.0024
}