{
  "recipients": 731.0,
  "opens": 313.0,
  "open_rate": 0.33842,
  "clicks": 30.0,
  "click_rate": 0.0319,
  "bounce_rate": 0.01368
}