{
  "recipients": 49486.0,
  "opens": 14492.0,
  "open_rate": 0.23894,
  "clicks": 101.0,
  "click_rate": 0.00162,
  "bounce_rate": 0.00164
}