{
  "recipients": 48061.0,
  "opens": 13120.0,
  "open_rate": 0.21626,
  "clicks": 487.0,
  "click_rate": 0.00825,
  "bounce_rate": 0.00612
}