{
  "recipients": 49789.0,
  "opens": 14872.0,
  "open_rate": 0.24293,
  "clicks": 128.0,
  "click_rate": 0.00181,
  "bounce_rate": 0.00227
}