{
  "recipients": 59710.0,
  "opens": 15430.0,
  "open_rate": 0.20274,
  "clicks": 119.0,
  "click_rate": 0.00166,
  "bounce_rate": 0.00234
}