{
  "recipients": 54112.0,
  "opens": 16989.0,
  "open_rate": 0.26538,
  "clicks": 125.0,
  "click_rate": 0.00189,
  "bounce_rate": 0.00231
}