{
  "recipients": 1423.0,
  "opens": 523.0,
  "open_rate": 0.31127,
  "clicks": 5.0,
  "click_rate": 0.00352,
  "bounce_rate": 0.00211
}