{
  "recipients": 49261.0,
  "opens": 15541.0,
  "open_rate": 0.25573,
  "clicks": 108.0,
  "click_rate": 0.00177,
  "bounce_rate": 0.00181
}