{
  "recipients": 36857.0,
  "opens": 10744.0,
  "open_rate": 0.23117,
  "clicks": 255.0,
  "click_rate": 0.00595,
  "bounce_rate": 0.00532
}