{
  "recipients": 38140.0,
  "opens": 14475.0,
  "open_rate": 0.30461,
  "clicks": 352.0,
  "click_rate": 0.00637,
  "bounce_rate": 0.06101
}