{
  "recipients": 10202.0,
  "opens": 4007.0,
  "open_rate": 0.29375,
  "clicks": 81.0,
  "click_rate": 0.00571,
  "bounce_rate": 0.00363
}