{
  "recipients": 49919.0,
  "opens": 14728.0,
  "open_rate": 0.23623,
  "clicks": 228.0,
  "click_rate": 0.00339,
  "bounce_rate": 0.00214
}