{
  "recipients": 51552.0,
  "opens": 17003.0,
  "open_rate": 0.25747,
  "clicks": 180.0,
  "click_rate": 0.00274,
  "bounce_rate": 0.0018
}