{
  "recipients": 52340.0,
  "opens": 14156.0,
  "open_rate": 0.2158,
  "clicks": 70.0,
  "click_rate": 0.00091,
  "bounce_rate": 0.01114
}