{
  "recipients": 51794.0,
  "opens": 15539.0,
  "open_rate": 0.23506,
  "clicks": 110.0,
  "click_rate": 0.00145,
  "bounce_rate": 0.0018
}