{
  "recipients": 53630.0,
  "opens": 27820.0,
  "open_rate": 0.39826,
  "clicks": 565.0,
  "click_rate": 0.0074,
  "bounce_rate": 0.00218
}