{
  "recipients": 2313.0,
  "opens": 748.0,
  "open_rate": 0.25565,
  "clicks": 18.0,
  "click_rate": 0.00652,
  "bounce_rate": 0.00562
}