{
  "recipients": 1687.0,
  "opens": 577.0,
  "open_rate": 0.28012,
  "clicks": 16.0,
  "click_rate": 0.00831,
  "bounce_rate": 0.00119
}