{
  "recipients": 2775.0,
  "opens": 1014.0,
  "open_rate": 0.28781,
  "clicks": 32.0,
  "click_rate": 0.01028,
  "bounce_rate": 0.01838
}