{
  "recipients": 56195.0,
  "opens": 14265.0,
  "open_rate": 0.20117,
  "clicks": 236.0,
  "click_rate": 0.00322,
  "bounce_rate": 0.00546
}