{
  "recipients": 52789.0,
  "opens": 16926.0,
  "open_rate": 0.25446,
  "clicks": 315.0,
  "click_rate": 0.00414,
  "bounce_rate": 0.00176
}