{
  "recipients": 55171.0,
  "opens": 15231.0,
  "open_rate": 0.24543,
  "clicks": 141.0,
  "click_rate": 0.00223,
  "bounce_rate": 0.00212
}