{
  "recipients": 59673.0,
  "opens": 15900.0,
  "open_rate": 0.2095,
  "clicks": 259.0,
  "click_rate": 0.00286,
  "bounce_rate": 0.00362
}