{
  "recipients": 477.0,
  "opens": 218.0,
  "open_rate": 0.36325,
  "clicks": 9.0,
  "click_rate": 0.01709,
  "bounce_rate": 0.01887
}