{
  "recipients": 10696.0,
  "opens": 4266.0,
  "open_rate": 0.30166,
  "clicks": 217.0,
  "click_rate": 0.01585,
  "bounce_rate": 0.00327
}