{
  "recipients": 49213.0,
  "opens": 15888.0,
  "open_rate": 0.25975,
  "clicks": 99.0,
  "click_rate": 0.00151,
  "bounce_rate": 0.00221
}