{
  "recipients": 49272.0,
  "opens": 15558.0,
  "open_rate": 0.25529,
  "clicks": 133.0,
  "click_rate": 0.00195,
  "bounce_rate": 0.00197
}