{
  "recipients": 3301.0,
  "opens": 1183.0,
  "open_rate": 0.2691,
  "clicks": 30.0,
  "click_rate": 0.00548,
  "bounce_rate": 0.00485
}