{
  "recipients": 33540.0,
  "opens": 9745.0,
  "open_rate": 0.23334,
  "clicks": 293.0,
  "click_rate": 0.00737,
  "bounce_rate": 0.00489
}