{
  "recipients": 32368.0,
  "opens": 9059.0,
  "open_rate": 0.22481,
  "clicks": 206.0,
  "click_rate": 0.00481,
  "bounce_rate": 0.00516
}