{
  "recipients": 38408.0,
  "opens": 13169.0,
  "open_rate": 0.26557,
  "clicks": 112.0,
  "click_rate": 0.00198,
  "bounce_rate": 0.00266
}