{
  "recipients": 53139.0,
  "opens": 15565.0,
  "open_rate": 0.23209,
  "clicks": 135.0,
  "click_rate": 0.00157,
  "bounce_rate": 0.0035
}