{
  "recipients": 28242.0,
  "opens": 9125.0,
  "open_rate": 0.25555,
  "clicks": 257.0,
  "click_rate": 0.00714,
  "bounce_rate": 0.00365
}