{
  "recipients": 56824.0,
  "opens": 15820.0,
  "open_rate": 0.2167,
  "clicks": 138.0,
  "click_rate": 0.00176,
  "bounce_rate": 0.00232
}