{
  "recipients": 59070.0,
  "opens": 21042.0,
  "open_rate": 0.25948,
  "clicks": 537.0,
  "click_rate": 0.00676,
  "bounce_rate": 0.00322
}