{
  "recipients": 52678.0,
  "opens": 17273.0,
  "open_rate": 0.25852,
  "clicks": 258.0,
  "click_rate": 0.00304,
  "bounce_rate": 0.00165
}