{
  "recipients": 1818.0,
  "opens": 701.0,
  "open_rate": 0.30964,
  "clicks": 13.0,
  "click_rate": 0.00606,
  "bounce_rate": 0.00165
}