{
  "recipients": 54934.0,
  "opens": 16210.0,
  "open_rate": 0.2571,
  "clicks": 325.0,
  "click_rate": 0.00513,
  "bounce_rate": 0.00217
}