{
  "recipients": 52808.0,
  "opens": 17231.0,
  "open_rate": 0.25825,
  "clicks": 186.0,
  "click_rate": 0.00252,
  "bounce_rate": 0.00167
}