{
  "recipients": 38964.0,
  "opens": 12356.0,
  "open_rate": 0.24705,
  "clicks": 120.0,
  "click_rate": 0.00208,
  "bounce_rate": 0.00218
}