{
  "recipients": 54490.0,
  "opens": 16463.0,
  "open_rate": 0.25789,
  "clicks": 256.0,
  "click_rate": 0.00408,
  "bounce_rate": 0.00231
}