{
  "recipients": 30110.0,
  "opens": 8595.0,
  "open_rate": 0.22492,
  "clicks": 249.0,
  "click_rate": 0.0067,
  "bounce_rate": 0.00345
}