{
  "recipients": 59238.0,
  "opens": 15521.0,
  "open_rate": 0.20529,
  "clicks": 416.0,
  "click_rate": 0.00567,
  "bounce_rate": 0.00311
}