{
  "recipients": 51167.0,
  "opens": 15256.0,
  "open_rate": 0.23692,
  "clicks": 221.0,
  "click_rate": 0.00353,
  "bounce_rate": 0.0026
}