{
  "recipients": 4340.0,
  "opens": 1574.0,
  "open_rate": 0.28323,
  "clicks": 38.0,
  "click_rate": 0.00764,
  "bounce_rate": 0.00507
}