{
  "recipients": 49544.0,
  "opens": 14986.0,
  "open_rate": 0.24717,
  "clicks": 106.0,
  "click_rate": 0.00115,
  "bounce_rate": 0.0021
}