{
  "recipients": 58398.0,
  "opens": 15823.0,
  "open_rate": 0.21057,
  "clicks": 178.0,
  "click_rate": 0.00228,
  "bounce_rate": 0.00269
}