{
  "recipients": 49574.0,
  "opens": 14990.0,
  "open_rate": 0.24139,
  "clicks": 68.0,
  "click_rate": 0.00101,
  "bounce_rate": 0.00198
}