{
  "recipients": 59072.0,
  "opens": 15309.0,
  "open_rate": 0.20308,
  "clicks": 141.0,
  "click_rate": 0.002,
  "bounce_rate": 0.00188
}