{
  "recipients": 51935.0,
  "opens": 15155.0,
  "open_rate": 0.23331,
  "clicks": 67.0,
  "click_rate": 0.00083,
  "bounce_rate": 0.00312
}