{
  "recipients": 19550.0,
  "opens": 6416.0,
  "open_rate": 0.2593,
  "clicks": 226.0,
  "click_rate": 0.00914,
  "bounce_rate": 0.00343
}