{
  "recipients": 54677.0,
  "opens": 14989.0,
  "open_rate": 0.21386,
  "clicks": 51.0,
  "click_rate": 0.00072,
  "bounce_rate": 0.00302
}