{
  "recipients": 51329.0,
  "opens": 15659.0,
  "open_rate": 0.23769,
  "clicks": 131.0,
  "click_rate": 0.0015,
  "bounce_rate": 0.00201
}