{
  "recipients": 52689.0,
  "opens": 17442.0,
  "open_rate": 0.26092,
  "clicks": 153.0,
  "click_rate": 0.00183,
  "bounce_rate": 0.00192
}