{
  "recipients": 51146.0,
  "opens": 15265.0,
  "open_rate": 0.22922,
  "clicks": 203.0,
  "click_rate": 0.00265,
  "bounce_rate": 0.00551
}