{
  "recipients": 49854.0,
  "opens": 15115.0,
  "open_rate": 0.24128,
  "clicks": 149.0,
  "click_rate": 0.00205,
  "bounce_rate": 0.00213
}