{
  "recipients": 49563.0,
  "opens": 14708.0,
  "open_rate": 0.24171,
  "clicks": 64.0,
  "click_rate": 0.00113,
  "bounce_rate": 0.00216
}