{
  "recipients": 1980.0,
  "opens": 691.0,
  "open_rate": 0.27581,
  "clicks": 13.0,
  "click_rate": 0.00455,
  "bounce_rate": 0.00202
}