{
  "recipients": 6058.0,
  "opens": 2085.0,
  "open_rate": 0.27599,
  "clicks": 43.0,
  "click_rate": 0.00546,
  "bounce_rate": 0.00297
}