{
  "recipients": 54580.0,
  "opens": 17626.0,
  "open_rate": 0.26616,
  "clicks": 170.0,
  "click_rate": 0.00143,
  "bounce_rate": 0.00247
}