{
  "recipients": 49325.0,
  "opens": 15288.0,
  "open_rate": 0.25098,
  "clicks": 68.0,
  "click_rate": 0.00102,
  "bounce_rate": 0.00182
}