{
  "recipients": 49386.0,
  "opens": 15228.0,
  "open_rate": 0.24716,
  "clicks": 86.0,
  "click_rate": 0.00112,
  "bounce_rate": 0.00239
}