{
  "recipients": 57353.0,
  "opens": 15520.0,
  "open_rate": 0.21144,
  "clicks": 134.0,
  "click_rate": 0.00159,
  "bounce_rate": 0.00213
}