{
  "recipients": 38627.0,
  "opens": 11038.0,
  "open_rate": 0.22505,
  "clicks": 234.0,
  "click_rate": 0.00478,
  "bounce_rate": 0.00438
}