{
  "recipients": 52331.0,
  "opens": 16126.0,
  "open_rate": 0.24403,
  "clicks": 71.0,
  "click_rate": 0.00105,
  "bounce_rate": 0.00168
}