{
  "recipients": 25102.0,
  "opens": 8189.0,
  "open_rate": 0.25805,
  "clicks": 250.0,
  "click_rate": 0.00807,
  "bounce_rate": 0.00287
}