{
  "recipients": 52063.0,
  "opens": 14611.0,
  "open_rate": 0.2253,
  "clicks": 63.0,
  "click_rate": 0.00093,
  "bounce_rate": 0.00909
}