{
  "recipients": 54316.0,
  "opens": 21678.0,
  "open_rate": 0.31901,
  "clicks": 1130.0,
  "click_rate": 0.01458,
  "bounce_rate": 0.0021
}