{
  "recipients": 24636.0,
  "opens": 8096.0,
  "open_rate": 0.2524,
  "clicks": 476.0,
  "click_rate": 0.01526,
  "bounce_rate": 0.00276
}