{
  "recipients": 54246.0,
  "opens": 16733.0,
  "open_rate": 0.25976,
  "clicks": 180.0,
  "click_rate": 0.0024,
  "bounce_rate": 0.00225
}