{
  "recipients": 60480.0,
  "opens": 16186.0,
  "open_rate": 0.20535,
  "clicks": 220.0,
  "click_rate": 0.00309,
  "bounce_rate": 0.00349
}