{
  "recipients": 1321.0,
  "opens": 455.0,
  "open_rate": 0.29233,
  "clicks": 10.0,
  "click_rate": 0.00456,
  "bounce_rate": 0.00303
}