{
  "recipients": 40933.0,
  "opens": 11258.0,
  "open_rate": 0.2158,
  "clicks": 476.0,
  "click_rate": 0.00872,
  "bounce_rate": 0.00537
}