{
  "recipients": 60321.0,
  "opens": 15538.0,
  "open_rate": 0.20251,
  "clicks": 184.0,
  "click_rate": 0.00241,
  "bounce_rate": 0.00235
}