{
  "recipients": 39338.0,
  "opens": 12477.0,
  "open_rate": 0.24551,
  "clicks": 271.0,
  "click_rate": 0.00504,
  "bounce_rate": 0.00196
}