{
  "recipients": 46901.0,
  "opens": 12467.0,
  "open_rate": 0.20704,
  "clicks": 111.0,
  "click_rate": 0.00154,
  "bounce_rate": 0.00429
}