{
  "recipients": 49330.0,
  "opens": 16027.0,
  "open_rate": 0.25486,
  "clicks": 124.0,
  "click_rate": 0.00189,
  "bounce_rate": 0.00247
}