{
  "recipients": 17148.0,
  "opens": 5827.0,
  "open_rate": 0.26158,
  "clicks": 144.0,
  "click_rate": 0.0062,
  "bounce_rate": 0.00327
}