{
  "recipients": 49203.0,
  "opens": 14154.0,
  "open_rate": 0.23379,
  "clicks": 79.0,
  "click_rate": 0.0011,
  "bounce_rate": 0.00228
}