{
  "recipients": 59890.0,
  "opens": 15968.0,
  "open_rate": 0.20924,
  "clicks": 199.0,
  "click_rate": 0.00259,
  "bounce_rate": 0.00187
}