{
  "recipients": 13963.0,
  "opens": 4921.0,
  "open_rate": 0.27347,
  "clicks": 265.0,
  "click_rate": 0.01697,
  "bounce_rate": 0.0043
}