{
  "recipients": 52330.0,
  "opens": 15584.0,
  "open_rate": 0.23654,
  "clicks": 95.0,
  "click_rate": 0.0014,
  "bounce_rate": 0.00342
}