{
  "recipients": 58710.0,
  "opens": 16195.0,
  "open_rate": 0.21391,
  "clicks": 204.0,
  "click_rate": 0.0026,
  "bounce_rate": 0.00238
}