{
  "recipients": 49735.0,
  "opens": 14984.0,
  "open_rate": 0.24045,
  "clicks": 135.0,
  "click_rate": 0.00189,
  "bounce_rate": 0.00207
}