{
  "recipients": 38736.0,
  "opens": 10304.0,
  "open_rate": 0.20375,
  "clicks": 93.0,
  "click_rate": 0.00199,
  "bounce_rate": 0.00232
}