{
  "recipients": 5113.0,
  "opens": 1806.0,
  "open_rate": 0.27767,
  "clicks": 84.0,
  "click_rate": 0.01354,
  "bounce_rate": 0.00332
}