{
  "recipients": 52179.0,
  "opens": 14500.0,
  "open_rate": 0.22168,
  "clicks": 89.0,
  "click_rate": 0.00114,
  "bounce_rate": 0.00769
}