{
  "recipients": 52200.0,
  "opens": 14073.0,
  "open_rate": 0.2155,
  "clicks": 52.0,
  "click_rate": 0.00077,
  "bounce_rate": 0.00782
}