{
  "recipients": 49390.0,
  "opens": 14907.0,
  "open_rate": 0.23964,
  "clicks": 233.0,
  "click_rate": 0.00355,
  "bounce_rate": 0.00296
}