{
  "recipients": 31266.0,
  "opens": 13851.0,
  "open_rate": 0.31705,
  "clicks": 341.0,
  "click_rate": 0.00826,
  "bounce_rate": 0.00464
}