{
  "recipients": 54456.0,
  "opens": 17167.0,
  "open_rate": 0.25855,
  "clicks": 133.0,
  "click_rate": 0.0014,
  "bounce_rate": 0.00261
}