{
  "recipients": 55177.0,
  "opens": 15322.0,
  "open_rate": 0.21508,
  "clicks": 112.0,
  "click_rate": 0.00144,
  "bounce_rate": 0.00306
}