{
  "recipients": 49684.0,
  "opens": 16813.0,
  "open_rate": 0.26584,
  "clicks": 190.0,
  "click_rate": 0.00295,
  "bounce_rate": 0.00256
}