{
  "recipients": 2511.0,
  "opens": 661.0,
  "open_rate": 0.20048,
  "clicks": 18.0,
  "click_rate": 0.0072,
  "bounce_rate": 0.00478
}