{
  "recipients": 59684.0,
  "opens": 15665.0,
  "open_rate": 0.20562,
  "clicks": 286.0,
  "click_rate": 0.00372,
  "bounce_rate": 0.00328
}