{
  "recipients": 49057.0,
  "opens": 15608.0,
  "open_rate": 0.25501,
  "clicks": 81.0,
  "click_rate": 0.00123,
  "bounce_rate": 0.00169
}