{
  "recipients": 49171.0,
  "opens": 14969.0,
  "open_rate": 0.24456,
  "clicks": 77.0,
  "click_rate": 0.00092,
  "bounce_rate": 0.00209
}