{
  "recipients": 51711.0,
  "opens": 15645.0,
  "open_rate": 0.2373,
  "clicks": 123.0,
  "click_rate": 0.00167,
  "bounce_rate": 0.00195
}