{
  "recipients": 51214.0,
  "opens": 15876.0,
  "open_rate": 0.24607,
  "clicks": 102.0,
  "click_rate": 0.00172,
  "bounce_rate": 0.00279
}