{
  "recipients": 54620.0,
  "opens": 17424.0,
  "open_rate": 0.26319,
  "clicks": 120.0,
  "click_rate": 0.0015,
  "bounce_rate": 0.00238
}