{
  "recipients": 53652.0,
  "opens": 14726.0,
  "open_rate": 0.21778,
  "clicks": 63.0,
  "click_rate": 0.0009,
  "bounce_rate": 0.00287
}