{
  "recipients": 23728.0,
  "opens": 7752.0,
  "open_rate": 0.25474,
  "clicks": 191.0,
  "click_rate": 0.00596,
  "bounce_rate": 0.0032
}