{
  "recipients": 58047.0,
  "opens": 16043.0,
  "open_rate": 0.21208,
  "clicks": 188.0,
  "click_rate": 0.00247,
  "bounce_rate": 0.00233
}