{
  "recipients": 49973.0,
  "opens": 15741.0,
  "open_rate": 0.24865,
  "clicks": 112.0,
  "click_rate": 0.00177,
  "bounce_rate": 0.00232
}