{
  "recipients": 49278.0,
  "opens": 15483.0,
  "open_rate": 0.25393,
  "clicks": 166.0,
  "click_rate": 0.00232,
  "bounce_rate": 0.00201
}