{
  "recipients": 50449.0,
  "opens": 14964.0,
  "open_rate": 0.23533,
  "clicks": 60.0,
  "click_rate": 0.00085,
  "bounce_rate": 0.00295
}