{
  "recipients": 54304.0,
  "opens": 17285.0,
  "open_rate": 0.26016,
  "clicks": 146.0,
  "click_rate": 0.00201,
  "bounce_rate": 0.00197
}