{
  "recipients": 54846.0,
  "opens": 17444.0,
  "open_rate": 0.26644,
  "clicks": 279.0,
  "click_rate": 0.00371,
  "bounce_rate": 0.00235
}