{
  "recipients": 13195.0,
  "opens": 5069.0,
  "open_rate": 0.29744,
  "clicks": 400.0,
  "click_rate": 0.02464,
  "bounce_rate": 0.00349
}