{
  "recipients": 38266.0,
  "opens": 10316.0,
  "open_rate": 0.2132,
  "clicks": 195.0,
  "click_rate": 0.00399,
  "bounce_rate": 0.00483
}