{
  "recipients": 49113.0,
  "opens": 14792.0,
  "open_rate": 0.24419,
  "clicks": 119.0,
  "click_rate": 0.00171,
  "bounce_rate": 0.00224
}