{
  "recipients": 49586.0,
  "opens": 14351.0,
  "open_rate": 0.23609,
  "clicks": 61.0,
  "click_rate": 0.00093,
  "bounce_rate": 0.00238
}