{
  "recipients": 52089.0,
  "opens": 15220.0,
  "open_rate": 0.23245,
  "clicks": 139.0,
  "click_rate": 0.00198,
  "bounce_rate": 0.0038
}