{
  "recipients": 39336.0,
  "opens": 12067.0,
  "open_rate": 0.23851,
  "clicks": 352.0,
  "click_rate": 0.00713,
  "bounce_rate": 0.00214
}