{
  "recipients": 54930.0,
  "opens": 16856.0,
  "open_rate": 0.25548,
  "clicks": 164.0,
  "click_rate": 0.00199,
  "bounce_rate": 0.00202
}