{
  "recipients": 51900.0,
  "opens": 15009.0,
  "open_rate": 0.23183,
  "clicks": 100.0,
  "click_rate": 0.00145,
  "bounce_rate": 0.00326
}