{
  "recipients": 60234.0,
  "opens": 16028.0,
  "open_rate": 0.20799,
  "clicks": 330.0,
  "click_rate": 0.00426,
  "bounce_rate": 0.00224
}