{
  "recipients": 49573.0,
  "opens": 14896.0,
  "open_rate": 0.24395,
  "clicks": 134.0,
  "click_rate": 0.00206,
  "bounce_rate": 0.00208
}