{
  "recipients": 2637.0,
  "opens": 741.0,
  "open_rate": 0.21802,
  "clicks": 7.0,
  "click_rate": 0.00191,
  "bounce_rate": 0.00683
}