{
  "recipients": 38936.0,
  "opens": 10855.0,
  "open_rate": 0.22173,
  "clicks": 299.0,
  "click_rate": 0.00614,
  "bounce_rate": 0.00396
}