{
  "recipients": 54776.0,
  "opens": 17370.0,
  "open_rate": 0.26262,
  "clicks": 124.0,
  "click_rate": 0.00163,
  "bounce_rate": 0.00212
}