{
  "recipients": 42366.0,
  "opens": 11899.0,
  "open_rate": 0.22187,
  "clicks": 198.0,
  "click_rate": 0.00332,
  "bounce_rate": 0.00507
}