{
  "recipients": 1206.0,
  "opens": 423.0,
  "open_rate": 0.29784,
  "clicks": 10.0,
  "click_rate": 0.00416,
  "bounce_rate": 0.00332
}