{
  "recipients": 34554.0,
  "opens": 10152.0,
  "open_rate": 0.22672,
  "clicks": 212.0,
  "click_rate": 0.00456,
  "bounce_rate": 0.00446
}