{
  "recipients": 60550.0,
  "opens": 14967.0,
  "open_rate": 0.19467,
  "clicks": 329.0,
  "click_rate": 0.00416,
  "bounce_rate": 0.00246
}