{
  "recipients": 58505.0,
  "opens": 14832.0,
  "open_rate": 0.20009,
  "clicks": 259.0,
  "click_rate": 0.0035,
  "bounce_rate": 0.00455
}