{
  "recipients": 49114.0,
  "opens": 15310.0,
  "open_rate": 0.25156,
  "clicks": 131.0,
  "click_rate": 0.0019,
  "bounce_rate": 0.00202
}