{
  "recipients": 59669.0,
  "opens": 15917.0,
  "open_rate": 0.20773,
  "clicks": 377.0,
  "click_rate": 0.00488,
  "bounce_rate": 0.00161
}