{
  "recipients": 39465.0,
  "opens": 12617.0,
  "open_rate": 0.24753,
  "clicks": 254.0,
  "click_rate": 0.00485,
  "bounce_rate": 0.00193
}