{
  "recipients": 1743.0,
  "opens": 607.0,
  "open_rate": 0.28103,
  "clicks": 22.0,
  "click_rate": 0.01034,
  "bounce_rate": 0.00172
}