{
  "recipients": 11518.0,
  "opens": 4362.0,
  "open_rate": 0.29472,
  "clicks": 182.0,
  "click_rate": 0.01193,
  "bounce_rate": 0.00313
}