{
  "recipients": 49401.0,
  "opens": 15300.0,
  "open_rate": 0.24855,
  "clicks": 96.0,
  "click_rate": 0.0014,
  "bounce_rate": 0.00249
}