{
  "recipients": 22293.0,
  "opens": 7727.0,
  "open_rate": 0.26757,
  "clicks": 250.0,
  "click_rate": 0.0094,
  "bounce_rate": 0.00301
}