{
  "recipients": 29731.0,
  "opens": 9349.0,
  "open_rate": 0.24621,
  "clicks": 440.0,
  "click_rate": 0.01181,
  "bounce_rate": 0.00289
}