{
  "recipients": 52503.0,
  "opens": 16687.0,
  "open_rate": 0.25227,
  "clicks": 295.0,
  "click_rate": 0.00361,
  "bounce_rate": 0.0021
}