{
  "recipients": 60545.0,
  "opens": 16020.0,
  "open_rate": 0.2065,
  "clicks": 150.0,
  "click_rate": 0.00191,
  "bounce_rate": 0.00357
}