{
  "recipients": 53457.0,
  "opens": 18661.0,
  "open_rate": 0.27711,
  "clicks": 150.0,
  "click_rate": 0.00212,
  "bounce_rate": 0.00191
}