{
  "recipients": 7572.0,
  "opens": 2839.0,
  "open_rate": 0.28874,
  "clicks": 100.0,
  "click_rate": 0.01007,
  "bounce_rate": 0.00291
}