{
  "recipients": 52732.0,
  "opens": 22431.0,
  "open_rate": 0.32697,
  "clicks": 630.0,
  "click_rate": 0.00878,
  "bounce_rate": 0.00186
}