{
  "recipients": 54844.0,
  "opens": 16739.0,
  "open_rate": 0.25582,
  "clicks": 168.0,
  "click_rate": 0.00203,
  "bounce_rate": 0.0023
}