{
  "recipients": 46801.0,
  "opens": 13194.0,
  "open_rate": 0.21997,
  "clicks": 221.0,
  "click_rate": 0.00398,
  "bounce_rate": 0.006
}