{
  "recipients": 52327.0,
  "opens": 14411.0,
  "open_rate": 0.22056,
  "clicks": 55.0,
  "click_rate": 0.00083,
  "bounce_rate": 0.01049
}