{
  "recipients": 49068.0,
  "opens": 15068.0,
  "open_rate": 0.24718,
  "clicks": 99.0,
  "click_rate": 0.00143,
  "bounce_rate": 0.00169
}