{
  "recipients": 58744.0,
  "opens": 15771.0,
  "open_rate": 0.21168,
  "clicks": 164.0,
  "click_rate": 0.00198,
  "bounce_rate": 0.00434
}