{
  "recipients": 49089.0,
  "opens": 14798.0,
  "open_rate": 0.24301,
  "clicks": 85.0,
  "click_rate": 0.00118,
  "bounce_rate": 0.00228
}