{
  "recipients": 15280.0,
  "opens": 5627.0,
  "open_rate": 0.2797,
  "clicks": 344.0,
  "click_rate": 0.01694,
  "bounce_rate": 0.00347
}