{
  "recipients": 49104.0,
  "opens": 14794.0,
  "open_rate": 0.24382,
  "clicks": 69.0,
  "click_rate": 0.00104,
  "bounce_rate": 0.00187
}