{
  "recipients": 2167.0,
  "opens": 755.0,
  "open_rate": 0.27551,
  "clicks": 37.0,
  "click_rate": 0.01531,
  "bounce_rate": 0.00508
}