{
  "recipients": 58956.0,
  "opens": 16351.0,
  "open_rate": 0.21964,
  "clicks": 299.0,
  "click_rate": 0.00376,
  "bounce_rate": 0.004
}