{
  "recipients": 17639.0,
  "opens": 6253.0,
  "open_rate": 0.26748,
  "clicks": 361.0,
  "click_rate": 0.01672,
  "bounce_rate": 0.0034
}