{
  "recipients": 53894.0,
  "opens": 16936.0,
  "open_rate": 0.25598,
  "clicks": 164.0,
  "click_rate": 0.00253,
  "bounce_rate": 0.00252
}