{
  "recipients": 50023.0,
  "opens": 14751.0,
  "open_rate": 0.2358,
  "clicks": 155.0,
  "click_rate": 0.00228,
  "bounce_rate": 0.00198
}