{
  "recipients": 7790.0,
  "opens": 2729.0,
  "open_rate": 0.27927,
  "clicks": 47.0,
  "click_rate": 0.0049,
  "bounce_rate": 0.00347
}