{
  "recipients": 49065.0,
  "opens": 15967.0,
  "open_rate": 0.25656,
  "clicks": 191.0,
  "click_rate": 0.00337,
  "bounce_rate": 0.00257
}