{
  "recipients": 37606.0,
  "opens": 10843.0,
  "open_rate": 0.22628,
  "clicks": 415.0,
  "click_rate": 0.00866,
  "bounce_rate": 0.00511
}