{
  "recipients": 49143.0,
  "opens": 16041.0,
  "open_rate": 0.25909,
  "clicks": 155.0,
  "click_rate": 0.00243,
  "bounce_rate": 0.00287
}