{
  "recipients": 18327.0,
  "opens": 5832.0,
  "open_rate": 0.25122,
  "clicks": 146.0,
  "click_rate": 0.0069,
  "bounce_rate": 0.00349
}