{
  "recipients": 54099.0,
  "opens": 16705.0,
  "open_rate": 0.25151,
  "clicks": 239.0,
  "click_rate": 0.00326,
  "bounce_rate": 0.00203
}