{
  "recipients": 54587.0,
  "opens": 17899.0,
  "open_rate": 0.27438,
  "clicks": 367.0,
  "click_rate": 0.00518,
  "bounce_rate": 0.00216
}