{
  "recipients": 49689.0,
  "opens": 15481.0,
  "open_rate": 0.24709,
  "clicks": 413.0,
  "click_rate": 0.00599,
  "bounce_rate": 0.00209
}