{
  "recipients": 54935.0,
  "opens": 17173.0,
  "open_rate": 0.25944,
  "clicks": 99.0,
  "click_rate": 0.00133,
  "bounce_rate": 0.00213
}