{
  "recipients": 51988.0,
  "opens": 16373.0,
  "open_rate": 0.25139,
  "clicks": 94.0,
  "click_rate": 0.00117,
  "bounce_rate": 0.01094
}