{
  "recipients": 49610.0,
  "opens": 13996.0,
  "open_rate": 0.22927,
  "clicks": 64.0,
  "click_rate": 0.00101,
  "bounce_rate": 0.00202
}