{
  "recipients": 52044.0,
  "opens": 14848.0,
  "open_rate": 0.22903,
  "clicks": 85.0,
  "click_rate": 0.00103,
  "bounce_rate": 0.01103
}