{
  "recipients": 56308.0,
  "opens": 14131.0,
  "open_rate": 0.20005,
  "clicks": 322.0,
  "click_rate": 0.00481,
  "bounce_rate": 0.00607
}