{
  "recipients": 51823.0,
  "opens": 15425.0,
  "open_rate": 0.23529,
  "clicks": 172.0,
  "click_rate": 0.00228,
  "bounce_rate": 0.00299
}