{
  "recipients": 27998.0,
  "opens": 8489.0,
  "open_rate": 0.2381,
  "clicks": 537.0,
  "click_rate": 0.01646,
  "bounce_rate": 0.00379
}