{
  "recipients": 8867.0,
  "opens": 3215.0,
  "open_rate": 0.28227,
  "clicks": 81.0,
  "click_rate": 0.0069,
  "bounce_rate": 0.00237
}