{
  "recipients": 1648.0,
  "opens": 601.0,
  "open_rate": 0.29666,
  "clicks": 37.0,
  "click_rate": 0.01459,
  "bounce_rate": 0.00182
}