{
  "recipients": 3865.0,
  "opens": 1410.0,
  "open_rate": 0.28609,
  "clicks": 43.0,
  "click_rate": 0.00988,
  "bounce_rate": 0.00517
}