{
  "recipients": 58807.0,
  "opens": 14537.0,
  "open_rate": 0.1961,
  "clicks": 105.0,
  "click_rate": 0.00132,
  "bounce_rate": 0.00444
}