{
  "recipients": 49286.0,
  "opens": 14157.0,
  "open_rate": 0.23368,
  "clicks": 138.0,
  "click_rate": 0.00201,
  "bounce_rate": 0.00203
}