{
  "recipients": 54327.0,
  "opens": 16915.0,
  "open_rate": 0.25506,
  "clicks": 172.0,
  "click_rate": 0.00256,
  "bounce_rate": 0.00208
}