{
  "recipients": 52293.0,
  "opens": 15863.0,
  "open_rate": 0.24384,
  "clicks": 309.0,
  "click_rate": 0.00469,
  "bounce_rate": 0.00927
}