{
  "recipients": 52714.0,
  "opens": 15786.0,
  "open_rate": 0.23776,
  "clicks": 184.0,
  "click_rate": 0.00259,
  "bounce_rate": 0.00402
}