{
  "recipients": 50845.0,
  "opens": 13942.0,
  "open_rate": 0.21765,
  "clicks": 212.0,
  "click_rate": 0.00342,
  "bounce_rate": 0.005
}