{
  "recipients": 55670.0,
  "opens": 15265.0,
  "open_rate": 0.21349,
  "clicks": 135.0,
  "click_rate": 0.00187,
  "bounce_rate": 0.00313
}