{
  "recipients": 49197.0,
  "opens": 14828.0,
  "open_rate": 0.24419,
  "clicks": 117.0,
  "click_rate": 0.00157,
  "bounce_rate": 0.00236
}