{
  "recipients": 52483.0,
  "opens": 15083.0,
  "open_rate": 0.22856,
  "clicks": 130.0,
  "click_rate": 0.00197,
  "bounce_rate": 0.00354
}