{
  "recipients": 56086.0,
  "opens": 15788.0,
  "open_rate": 0.21737,
  "clicks": 187.0,
  "click_rate": 0.00272,
  "bounce_rate": 0.00273
}