{
  "recipients": 33626.0,
  "opens": 9936.0,
  "open_rate": 0.23207,
  "clicks": 256.0,
  "click_rate": 0.00577,
  "bounce_rate": 0.00509
}