{
  "recipients": 41191.0,
  "opens": 11715.0,
  "open_rate": 0.22719,
  "clicks": 402.0,
  "click_rate": 0.00795,
  "bounce_rate": 0.00505
}