{
  "recipients": 61028.0,
  "opens": 15364.0,
  "open_rate": 0.19726,
  "clicks": 160.0,
  "click_rate": 0.00181,
  "bounce_rate": 0.00352
}