{
  "recipients": 60537.0,
  "opens": 16021.0,
  "open_rate": 0.20458,
  "clicks": 222.0,
  "click_rate": 0.00275,
  "bounce_rate": 0.00344
}