{
  "recipients": 53067.0,
  "opens": 14599.0,
  "open_rate": 0.21981,
  "clicks": 46.0,
  "click_rate": 0.00066,
  "bounce_rate": 0.00307
}