{
  "recipients": 25613.0,
  "opens": 7598.0,
  "open_rate": 0.23303,
  "clicks": 100.0,
  "click_rate": 0.0029,
  "bounce_rate": 0.00293
}