{
  "recipients": 49464.0,
  "opens": 15314.0,
  "open_rate": 0.2516,
  "clicks": 91.0,
  "click_rate": 0.00122,
  "bounce_rate": 0.00202
}