{
  "recipients": 53200.0,
  "opens": 17957.0,
  "open_rate": 0.26789,
  "clicks": 248.0,
  "click_rate": 0.00386,
  "bounce_rate": 0.00173
}