{
  "recipients": 49742.0,
  "opens": 15732.0,
  "open_rate": 0.24684,
  "clicks": 206.0,
  "click_rate": 0.00292,
  "bounce_rate": 0.00298
}