{
  "recipients": 59786.0,
  "opens": 15212.0,
  "open_rate": 0.2013,
  "clicks": 167.0,
  "click_rate": 0.00204,
  "bounce_rate": 0.00192
}