{
  "recipients": 39576.0,
  "opens": 13060.0,
  "open_rate": 0.25534,
  "clicks": 212.0,
  "click_rate": 0.00403,
  "bounce_rate": 0.002
}