{
  "recipients": 50013.0,
  "opens": 17300.0,
  "open_rate": 0.27075,
  "clicks": 185.0,
  "click_rate": 0.0027,
  "bounce_rate": 0.00176
}