{
  "recipients": 2113.0,
  "opens": 742.0,
  "open_rate": 0.27865,
  "clicks": 17.0,
  "click_rate": 0.00713,
  "bounce_rate": 0.00473
}