{
  "recipients": 59610.0,
  "opens": 15456.0,
  "open_rate": 0.2034,
  "clicks": 206.0,
  "click_rate": 0.00257,
  "bounce_rate": 0.00163
}