{
  "recipients": 51232.0,
  "opens": 15863.0,
  "open_rate": 0.24589,
  "clicks": 186.0,
  "click_rate": 0.00274,
  "bounce_rate": 0.00281
}