{
  "recipients": 54094.0,
  "opens": 15080.0,
  "open_rate": 0.21797,
  "clicks": 84.0,
  "click_rate": 0.00113,
  "bounce_rate": 0.00294
}