{
  "recipients": 6618.0,
  "opens": 2219.0,
  "open_rate": 0.26631,
  "clicks": 134.0,
  "click_rate": 0.01639,
  "bounce_rate": 0.00423
}