{
  "recipients": 60731.0,
  "opens": 15331.0,
  "open_rate": 0.19755,
  "clicks": 170.0,
  "click_rate": 0.00198,
  "bounce_rate": 0.00303
}