{
  "recipients": 51880.0,
  "opens": 16491.0,
  "open_rate": 0.25138,
  "clicks": 80.0,
  "click_rate": 0.00112,
  "bounce_rate": 0.00586
}