{
  "recipients": 8305.0,
  "opens": 3102.0,
  "open_rate": 0.28647,
  "clicks": 115.0,
  "click_rate": 0.0122,
  "bounce_rate": 0.00301
}