{
  "recipients": 60208.0,
  "opens": 15913.0,
  "open_rate": 0.20781,
  "clicks": 180.0,
  "click_rate": 0.00222,
  "bounce_rate": 0.00292
}