{
  "recipients": 49171.0,
  "opens": 15380.0,
  "open_rate": 0.24731,
  "clicks": 151.0,
  "click_rate": 0.00234,
  "bounce_rate": 0.00252
}