{
  "recipients": 49638.0,
  "opens": 15896.0,
  "open_rate": 0.25309,
  "clicks": 210.0,
  "click_rate": 0.00335,
  "bounce_rate": 0.00268
}