{
  "recipients": 1085.0,
  "opens": 402.0,
  "open_rate": 0.31175,
  "clicks": 23.0,
  "click_rate": 0.01665,
  "bounce_rate": 0.00369
}