{
  "recipients": 56579.0,
  "opens": 15277.0,
  "open_rate": 0.21109,
  "clicks": 146.0,
  "click_rate": 0.00172,
  "bounce_rate": 0.00228
}