{
  "recipients": 58690.0,
  "opens": 17113.0,
  "open_rate": 0.22828,
  "clicks": 179.0,
  "click_rate": 0.00216,
  "bounce_rate": 0.00506
}