{
  "recipients": 53837.0,
  "opens": 17258.0,
  "open_rate": 0.25924,
  "clicks": 618.0,
  "click_rate": 0.00875,
  "bounce_rate": 0.00206
}