{
  "recipients": 60858.0,
  "opens": 15471.0,
  "open_rate": 0.19812,
  "clicks": 229.0,
  "click_rate": 0.00274,
  "bounce_rate": 0.00327
}