{
  "recipients": 51263.0,
  "opens": 14640.0,
  "open_rate": 0.22812,
  "clicks": 214.0,
  "click_rate": 0.00338,
  "bounce_rate": 0.00285
}